<?xml version="1.0" encoding="UTF-8"?>
<project-private xmlns="http://www.netbeans.org/ns/project-private/1">
    <editor-bookmarks xmlns="http://www.netbeans.org/ns/editor-bookmarks/2" lastBookmarkId="0"/>
    <open-files xmlns="http://www.netbeans.org/ns/projectui-open-files/2">
        <group>
            <file>file:/C:/xampp/htdocs/sacco_app/admin/rpt_loans.php</file>
            <file>file:/C:/xampp/htdocs/sacco_app/admin/new_loan_payment.php</file>
            <file>file:/C:/xampp/htdocs/sacco_app/web_db/multi_values.php</file>
            <file>file:/C:/xampp/htdocs/sacco_app/admin/handler.php</file>
            <file>file:/C:/xampp/htdocs/sacco_app/admin/new_account.php</file>
            <file>file:/C:/xampp/htdocs/sacco_app/admin/new_loan.php</file>
            <file>file:/C:/xampp/htdocs/sacco_app/admin/new_customer.php</file>
            <file>file:/C:/xampp/htdocs/sacco_app/web_db/new_values.php</file>
            <file>file:/C:/xampp/htdocs/sacco_app/web_scripts/web_scripts.js</file>
        </group>
    </open-files>
</project-private>
